url,label
https://github.com/lqspoi,0
http://fakebank65.com/4shavur4,1
http://freestuff34.com/geg374fm,1
http://phishsite85.com/4tfxmb2r,1
https://twitter.com/2dfw3o,0
http://freestuff70.com/2n59mvgg,1
https://openai.com/bwli7q,0
http://securelogin67.com/tpckwvbi,1
http://malicious46.com/gwvgdn7o,1
https://openai.com/elt0qy,0
http://securelogin56.com/av047930,1
http://securelogin64.com/ebmudmmn,1
https://google.com/o5jnrz,0
http://phishsite62.com/ddymtyor,1
https://github.com/v0vgfu,0
http://malicious68.com/6y550ozp,1
https://wikipedia.com/a20r77,0
https://youtube.com/yg7bf3,0
http://phishsite42.com/ybnlodki,1
https://facebook.com/1fdyzg,0
http://fakebank50.com/e17bq81s,1
https://twitter.com/ftdprn,0
https://facebook.com/f5e7v2,0
https://stackoverflow.com/bzrh1s,0
https://openai.com/51clgl,0
https://stackoverflow.com/96f3n2,0
https://facebook.com/r4ryjt,0
https://microsoft.com/fs3p5b,0
http://securelogin81.com/2t7j6yj0,1
https://google.com/zvbqmb,0
https://twitter.com/8w40b5,0
https://openai.com/pdgzuw,0
https://wikipedia.com/t6ixrs,0
https://youtube.com/i1sd8j,0
http://freestuff57.com/jsai6yb8,1
http://phishsite92.com/n9w2djbv,1
https://youtube.com/fsa0qm,0
http://phishsite67.com/7g2ihi4c,1
https://youtube.com/x1vt77,0
http://fakebank87.com/smx3jthg,1
http://malicious61.com/ndtupwsn,1
https://github.com/e5mkkp,0
http://freestuff7.com/p6gj1yld,1
http://securelogin92.com/9xsx9087,1
https://facebook.com/offxcp,0
http://securelogin59.com/vbexej5s,1
http://freestuff76.com/95d10wzv,1
http://fakebank65.com/2kmwu5vu,1
http://securelogin60.com/se0dioge,1
https://facebook.com/h4bnvk,0
https://openai.com/35g4ry,0
http://freestuff42.com/7aqhpcq9,1
https://openai.com/ds10g0,0
https://stackoverflow.com/nbry3w,0
http://fakebank79.com/7dv2mmnh,1
http://fakebank58.com/4ub3m30b,1
http://fakebank52.com/ypnbh1rq,1
https://amazon.com/c67hat,0
https://twitter.com/q8u00r,0
https://twitter.com/r19x57,0
https://wikipedia.com/96oxk3,0
https://microsoft.com/8lsnx8,0
http://malicious82.com/7ftv68kk,1
http://phishsite72.com/gypdp7y3,1
https://twitter.com/2qkh57,0
https://twitter.com/ft8wx1,0
https://youtube.com/u607ok,0
http://malicious3.com/gzyeo651,1
http://malicious24.com/0xzblc61,1
http://phishsite70.com/viu0qny7,1
http://malicious26.com/xsc44j47,1
http://freestuff46.com/kxe09ebs,1
http://securelogin95.com/sxkwhlxc,1
http://freestuff47.com/xfsy9ol8,1
http://fakebank23.com/uj97qi3b,1
https://amazon.com/xffoqm,0
https://github.com/hn9rcw,0
http://malicious8.com/423b1epe,1
http://phishsite69.com/qhudlkq5,1
http://securelogin14.com/4a6r0e55,1
http://phishsite52.com/9wjw9e7w,1
http://phishsite42.com/qke7pies,1
http://fakebank58.com/qqy28sh6,1
https://youtube.com/ty5icg,0
https://openai.com/zvpoa9,0
https://youtube.com/hyrrkh,0
https://openai.com/qerbga,0
https://twitter.com/r5ktzl,0
https://amazon.com/dvpbjn,0
https://facebook.com/hexyxd,0
http://malicious99.com/1r4rwzvp,1
http://freestuff56.com/wn7s97yi,1
http://malicious93.com/f214pc4v,1
http://phishsite63.com/s3xvf7hw,1
http://fakebank67.com/lrlvm7zg,1
http://freestuff65.com/1lpeaqe7,1
http://freestuff37.com/qkvi9p3w,1
https://github.com/1yzsyv,0
https://github.com/xworrw,0
http://fakebank78.com/ddwbaxcu,1
https://twitter.com/gakg52,0
http://freestuff68.com/0redmfks,1
http://freestuff10.com/zda9cc2b,1
http://securelogin72.com/gkj8agul,1
https://youtube.com/rs040j,0
https://twitter.com/38zsgc,0
http://freestuff77.com/7u6pmftk,1
http://malicious94.com/tlf5ravi,1
http://malicious86.com/47bhz34u,1
http://freestuff22.com/tp0tk5vd,1
https://twitter.com/bz47jm,0
http://securelogin30.com/u1x3eadm,1
https://microsoft.com/9bw5qq,0
http://fakebank41.com/4ukjt9x9,1
https://openai.com/pweoi7,0
http://freestuff13.com/6vvc8k0d,1
https://stackoverflow.com/6fdoy7,0
https://openai.com/vs3ikl,0
https://openai.com/tn0nbx,0
https://openai.com/82zzxz,0
http://freestuff27.com/lvgdpbt1,1
http://malicious35.com/r820y16c,1
https://twitter.com/z4lkvn,0
https://github.com/uwv5xy,0
https://stackoverflow.com/8olo7g,0
http://securelogin53.com/9m3hisbd,1
https://google.com/5ezg34,0
https://stackoverflow.com/y248ez,0
https://facebook.com/1rf578,0
https://twitter.com/62k1zm,0
http://securelogin77.com/dai75cxt,1
https://facebook.com/gk566d,0
http://phishsite90.com/pyrqlee8,1
http://fakebank42.com/6togb9iu,1
http://phishsite47.com/mbt2i8ec,1
https://facebook.com/4v2kxo,0
https://google.com/1zcga4,0
https://stackoverflow.com/d4kjm5,0
http://freestuff92.com/fi6shhzw,1
https://wikipedia.com/rrk68x,0
https://wikipedia.com/5c9vwh,0
http://fakebank47.com/63ak1aue,1
https://facebook.com/vov274,0
https://twitter.com/zvx75q,0
https://twitter.com/1t5k1e,0
http://malicious76.com/6g2zv8ae,1
https://openai.com/xlc409,0
https://microsoft.com/ikd073,0
http://freestuff87.com/za7629t1,1
http://phishsite87.com/p08yd30w,1
http://freestuff5.com/mce0e15q,1
http://malicious38.com/xls0h980,1
https://github.com/8nwm8r,0
http://freestuff34.com/hj16imfd,1
https://google.com/mxy28b,0
http://fakebank84.com/qlmzxjzr,1
http://freestuff41.com/wcryvr6a,1
https://github.com/kpsesb,0
https://openai.com/47rxqu,0
http://malicious22.com/n7zbbdd4,1
http://freestuff42.com/czhfj06p,1
http://malicious33.com/k650grzh,1
http://fakebank80.com/ynlclmna,1
https://facebook.com/7a4zxu,0
http://phishsite91.com/wkbgd52z,1
https://amazon.com/r7lq22,0
http://freestuff97.com/grim6ztb,1
https://facebook.com/9f2bu2,0
https://openai.com/vspcs9,0
https://facebook.com/3vg1qw,0
https://youtube.com/lcfwn5,0
http://malicious22.com/fvg8rg6u,1
http://phishsite50.com/imz23myq,1
https://openai.com/fvb13j,0
http://freestuff42.com/hmy6mifk,1
http://phishsite81.com/991maeyo,1
http://freestuff20.com/kgu52sx4,1
https://facebook.com/nv7l7f,0
https://youtube.com/7enjpv,0
http://freestuff49.com/iy841slx,1
https://wikipedia.com/d1bytw,0
http://freestuff69.com/9y7l925p,1
https://openai.com/ywlm63,0
http://phishsite19.com/ngsk01vq,1
http://freestuff77.com/b2epzp0i,1
http://phishsite38.com/hzqqmiki,1
https://twitter.com/zeqgt4,0
https://microsoft.com/90luau,0
http://malicious36.com/h05natre,1
https://github.com/n5gbw8,0
http://securelogin84.com/3fb631h3,1
https://facebook.com/qw9yc5,0
https://microsoft.com/6ymebe,0
https://wikipedia.com/y9g4i5,0
https://facebook.com/g1kcfi,0
http://phishsite63.com/ntecxsf9,1
http://fakebank66.com/gfv28sg3,1
http://phishsite48.com/ox2vj08g,1
http://malicious14.com/4h4uyia8,1
http://fakebank59.com/mnau07ht,1
https://microsoft.com/sdouea,0
https://youtube.com/3yvfm8,0
https://facebook.com/hixtbi,0
https://github.com/6qvzb4,0
http://freestuff32.com/io7xvy92,1
https://openai.com/3dk5wv,0
http://phishsite75.com/pd06zq63,1
https://google.com/g01l3s,0
http://phishsite34.com/sqrqj9in,1
https://amazon.com/oz1qn6,0
http://securelogin39.com/x9nsaqpq,1
https://stackoverflow.com/1rljne,0
http://phishsite68.com/3zml160f,1
https://stackoverflow.com/vchfdj,0
https://openai.com/k41pml,0
https://wikipedia.com/42pty5,0
http://phishsite28.com/stzb5o3v,1
http://phishsite10.com/qizh1ct4,1
https://facebook.com/x7z2rz,0
https://github.com/bq0phf,0
http://freestuff52.com/40akkt4e,1
https://github.com/xeoupm,0
http://phishsite80.com/4y4houqe,1
http://malicious96.com/ghz461yk,1
https://twitter.com/y4b5nj,0
https://microsoft.com/1qna1y,0
https://openai.com/n4hz8s,0
https://stackoverflow.com/2pd7c7,0
http://phishsite84.com/oxlxtjsi,1
https://github.com/y5je0b,0
https://openai.com/dz70jx,0
https://wikipedia.com/ftwkit,0
http://freestuff29.com/5nsfj2v3,1
https://github.com/58bgir,0
http://fakebank44.com/08wpbkv3,1
https://openai.com/k3xz9b,0
https://amazon.com/lo9hkj,0
http://fakebank27.com/vz3j6jo4,1
https://github.com/xezrk5,0
https://google.com/opzzfu,0
http://freestuff16.com/o6cbcjen,1
http://freestuff42.com/i0tpgh9p,1
http://malicious14.com/p0j122qv,1
https://youtube.com/2fm72q,0
http://securelogin15.com/p4ebbv5e,1
http://fakebank99.com/eumf5o8b,1
http://fakebank53.com/yuxt1sr9,1
https://microsoft.com/8nuh7t,0
http://phishsite43.com/5i6uktbm,1
https://openai.com/12g609,0
http://fakebank76.com/v3nh0n74,1
http://securelogin66.com/1z5p28g8,1
http://malicious10.com/crvq8937,1
http://malicious29.com/f3wvj0ip,1
https://twitter.com/6ejr3x,0
https://microsoft.com/qjeqbd,0
https://openai.com/n59jy3,0
http://fakebank89.com/v1xq6i19,1
https://amazon.com/7etd77,0
https://wikipedia.com/lheg4q,0
https://microsoft.com/gwuk7u,0
http://fakebank57.com/4d3ipd2p,1
https://microsoft.com/fbk9sd,0
https://google.com/kptpg6,0
https://stackoverflow.com/ekvfyr,0
http://fakebank52.com/k6xy3jfh,1
https://youtube.com/u6cdto,0
https://amazon.com/btjia0,0
https://openai.com/51der4,0
http://freestuff89.com/tdm11mey,1
https://youtube.com/xg32ke,0
http://phishsite64.com/70k0on27,1
https://github.com/81kt7b,0
http://freestuff50.com/eepkmnax,1
http://freestuff43.com/854bcglj,1
http://securelogin7.com/3qck7j5a,1
http://malicious65.com/wl6oouzn,1
https://google.com/3c7qn2,0
https://microsoft.com/w4mzew,0
http://freestuff75.com/pnzz9ajn,1
http://phishsite1.com/z6jbecut,1
http://freestuff88.com/4pv1erx0,1
http://fakebank80.com/t6ydrbj1,1
http://malicious34.com/lt8wi0yk,1
http://freestuff1.com/xrnte571,1
https://facebook.com/bl68gu,0
http://malicious64.com/xi42lqwm,1
https://twitter.com/swhimk,0
https://stackoverflow.com/e4u57g,0
https://openai.com/0be6hy,0
https://youtube.com/gldlnn,0
http://fakebank96.com/frm09hf3,1
http://malicious77.com/tiaakcie,1
https://amazon.com/cqjz1n,0
http://phishsite74.com/b3i63gom,1
https://youtube.com/ibsvlw,0
http://securelogin43.com/6rt41uds,1
https://wikipedia.com/zso4zu,0
http://securelogin45.com/5axs8td5,1
http://freestuff46.com/sr4nkzg3,1
http://malicious79.com/q48kci43,1
http://securelogin71.com/xgavpchi,1
https://google.com/sqz0nh,0
https://facebook.com/vqni1y,0
https://openai.com/3d4tj1,0
https://twitter.com/j4gd6l,0
https://openai.com/kwakuz,0
http://fakebank87.com/l62u0q1h,1
https://amazon.com/xvxukj,0
https://openai.com/6sq4ux,0
http://fakebank44.com/eddoukh6,1
http://malicious27.com/mtd81kpt,1
http://phishsite91.com/vud4pskj,1
http://freestuff94.com/sl6j8jh0,1
https://facebook.com/kx53ys,0
http://phishsite52.com/likczlov,1
https://amazon.com/3pewkh,0
http://freestuff55.com/8qxcrj5z,1
http://freestuff18.com/08fm6q3s,1
https://microsoft.com/9jqdc9,0
http://malicious96.com/9kqnlwnt,1
http://phishsite95.com/8grp16bb,1
https://amazon.com/xr0cco,0
http://securelogin4.com/u91pd6n2,1
https://wikipedia.com/qgesur,0
http://phishsite74.com/rzkatdfj,1
http://securelogin33.com/955o0uk9,1
http://fakebank25.com/vcm8103c,1
http://malicious56.com/mdoo2ev3,1
http://malicious99.com/q8lfzm6g,1
https://stackoverflow.com/kke5lb,0
https://facebook.com/yp9qpk,0
https://amazon.com/e3ahpr,0
https://amazon.com/w0j3v3,0
https://wikipedia.com/52nv16,0
http://phishsite7.com/3nrw262i,1
https://amazon.com/9h7qpp,0
http://malicious13.com/etenjape,1
http://malicious16.com/3vymumx1,1
https://github.com/e45ahe,0
https://facebook.com/uycefq,0
http://malicious65.com/vs3nznws,1
https://microsoft.com/66dxen,0
http://fakebank17.com/sneas7ht,1
http://securelogin57.com/y3jtm219,1
https://youtube.com/hh25rc,0
http://malicious34.com/qkebf4ko,1
http://fakebank80.com/6rjenxj4,1
http://malicious6.com/zg5n9wda,1
https://stackoverflow.com/ijywuh,0
http://fakebank21.com/s9p5b6tm,1
https://youtube.com/3szj0f,0
http://securelogin32.com/fuu6isik,1
https://github.com/5zkkcc,0
http://securelogin61.com/k8emvbfa,1
http://fakebank74.com/67byilt7,1
http://malicious52.com/576o11ei,1
https://youtube.com/27f60r,0
https://youtube.com/d6chnu,0
https://google.com/bb3qn3,0
https://facebook.com/dm8kgj,0
https://microsoft.com/z7igj2,0
https://facebook.com/7h6pl8,0
http://malicious48.com/3r9y4jra,1
https://youtube.com/yyjgm5,0
http://phishsite74.com/6r33uyav,1
https://openai.com/u7u25p,0
http://phishsite82.com/djovnkpj,1
http://fakebank62.com/8774w491,1
https://github.com/n1rl7b,0
http://malicious2.com/783rrewh,1
https://amazon.com/dxnq9k,0
http://fakebank15.com/3tj99o7t,1
http://fakebank86.com/uctkuxas,1
http://securelogin96.com/nfac0g05,1
https://google.com/490hz6,0
https://github.com/o5si2k,0
https://wikipedia.com/s2id16,0
https://twitter.com/r9mw28,0
https://facebook.com/cmvxwt,0
https://stackoverflow.com/3lacae,0
https://twitter.com/1iq6le,0
http://securelogin52.com/qipxsszp,1
http://phishsite47.com/xgtrt5vr,1
http://fakebank80.com/0m4riipn,1
https://openai.com/u3j59w,0
https://facebook.com/83tbcp,0
https://twitter.com/rpssbw,0
http://malicious4.com/70gsf2v7,1
http://freestuff73.com/xx7bhzk2,1
http://fakebank76.com/enrj97jb,1
https://facebook.com/ek0v8h,0
https://amazon.com/5k1ut9,0
https://youtube.com/svc1bx,0
https://amazon.com/lge70l,0
http://fakebank51.com/97l94qjl,1
http://securelogin9.com/qep8p03i,1
https://github.com/5kjghc,0
http://malicious87.com/zfop1iqq,1
http://malicious77.com/gv5476wp,1
http://malicious46.com/azaczh84,1
http://phishsite34.com/twl1ea4f,1
https://twitter.com/55eq4s,0
https://openai.com/0nk32o,0
https://google.com/21wxa7,0
http://phishsite41.com/q3lofdcn,1
http://fakebank6.com/hqydbaxr,1
http://freestuff22.com/bejrxvdd,1
https://openai.com/iuiyns,0
https://openai.com/x6ll8r,0
http://freestuff89.com/tkz9h3o4,1
https://twitter.com/17l5tt,0
http://securelogin36.com/7thobnem,1
https://google.com/op14vn,0
https://twitter.com/ojdihf,0
http://malicious66.com/dsdpieew,1
https://wikipedia.com/mabatn,0
https://stackoverflow.com/646d77,0
https://google.com/ob0jtp,0
http://malicious91.com/kxs9rnju,1
https://amazon.com/uomemr,0
http://freestuff16.com/zmi41vu3,1
https://amazon.com/ny7f9u,0
http://securelogin38.com/1oxeqyh6,1
https://openai.com/paxv3t,0
http://freestuff50.com/kbor7c02,1
http://fakebank58.com/pkp5yn3b,1
http://fakebank41.com/25ebt4yi,1
http://fakebank31.com/bbyrt41a,1
https://twitter.com/g551v4,0
https://amazon.com/x5cmf7,0
http://fakebank79.com/fon5b2ek,1
http://phishsite85.com/61siupgr,1
http://securelogin8.com/j7ri24u7,1
http://freestuff18.com/nd1cthum,1
http://phishsite64.com/xaztencv,1
http://securelogin24.com/kob1ek4m,1
http://malicious54.com/kwp3df9u,1
http://malicious9.com/2o7gcnwe,1
http://phishsite50.com/knf0gqp5,1
http://fakebank72.com/ynfcxlif,1
http://freestuff90.com/am2l56ue,1
https://twitter.com/6l2f2a,0
https://openai.com/veu4re,0
http://malicious97.com/4zn78qfo,1
http://malicious11.com/tvmyrcbd,1
https://amazon.com/05jtqb,0
https://stackoverflow.com/vnhseq,0
http://malicious40.com/89chkklb,1
http://fakebank72.com/dpoxsk6o,1
http://phishsite30.com/puxhpuep,1
http://fakebank92.com/d5kpd9iw,1
https://google.com/665i2i,0
https://github.com/v9agq8,0
https://google.com/yucdev,0
http://phishsite38.com/jqcgval7,1
https://amazon.com/xjo21y,0
http://freestuff60.com/drweuo4l,1
https://youtube.com/ew22z2,0
http://malicious100.com/nq5aa5xf,1
http://freestuff60.com/m14qzqnu,1
https://wikipedia.com/a0lv1u,0
http://phishsite2.com/wyx82d87,1
https://microsoft.com/cdb62w,0
http://phishsite21.com/wn5otqnf,1
https://openai.com/3x1fek,0
http://malicious15.com/icyddzgg,1
http://freestuff91.com/8nw35ep2,1
https://openai.com/b2abi4,0
http://securelogin91.com/5dr9ck0p,1
https://wikipedia.com/jscld6,0
http://phishsite91.com/stqzxia2,1
http://malicious4.com/a54c8ugn,1
https://openai.com/6bmhvp,0
http://fakebank26.com/oojzbxhv,1
https://youtube.com/sqsb7h,0
http://malicious35.com/d9dyw0lb,1
http://fakebank46.com/n0b5mc9f,1
https://openai.com/qj2j22,0
https://twitter.com/t0rhfd,0
http://phishsite34.com/jy0m047z,1
https://microsoft.com/3bdnx1,0
http://freestuff89.com/iia3g8ub,1
https://twitter.com/r7ilhq,0
http://phishsite46.com/7by9o1nt,1
https://wikipedia.com/n0xm0c,0
https://youtube.com/2z49xy,0
http://malicious21.com/i3xvjxyj,1
https://microsoft.com/5bcav6,0
http://freestuff79.com/2vmvxpqk,1
http://malicious78.com/5j88niio,1
https://google.com/xe5u31,0
https://amazon.com/2z8amc,0
https://twitter.com/6rl76c,0
http://securelogin21.com/zzuu205x,1
https://facebook.com/bo3y26,0
https://wikipedia.com/kdy3t6,0
http://freestuff58.com/630195bt,1
https://facebook.com/nonlvv,0
https://facebook.com/vcf1l4,0
http://fakebank94.com/bifa02zr,1
https://facebook.com/0lswuk,0
https://microsoft.com/2b0adp,0
https://microsoft.com/57v104,0
http://freestuff73.com/vrje3v4n,1
http://fakebank27.com/cvr8z9pp,1
http://freestuff97.com/qicsvtuh,1
http://malicious56.com/qcd0e42q,1
https://google.com/8fdxj9,0
http://malicious49.com/mc9upfbv,1
http://securelogin97.com/bu7sd10c,1
https://amazon.com/ijvd8w,0
https://youtube.com/pbeblv,0
https://google.com/hp5wmi,0
http://malicious31.com/d1v2wpsk,1
https://stackoverflow.com/po44ma,0
https://amazon.com/od8us8,0
http://fakebank89.com/2s3hqu8v,1
https://google.com/usxl93,0
https://facebook.com/z56b4p,0
http://freestuff97.com/0ye1u1oo,1
https://microsoft.com/fmwf64,0
https://github.com/9mlnru,0
https://twitter.com/f258jq,0
https://openai.com/w8ywh8,0
https://youtube.com/ekcs30,0
http://securelogin73.com/n74hx0dz,1
https://amazon.com/2gwfjy,0
http://securelogin20.com/p79l7kxi,1
http://malicious51.com/5wpn2bgf,1
https://facebook.com/phk4mo,0
https://wikipedia.com/99a0ij,0
https://facebook.com/1tmdmr,0
https://openai.com/lbq10m,0
https://google.com/es6l78,0
http://fakebank34.com/mbzrk3u3,1
http://fakebank44.com/qs7jbfzq,1
https://microsoft.com/0p90s7,0
https://microsoft.com/q2qrv0,0
https://github.com/voilrr,0
https://github.com/yimbov,0
https://google.com/hl8s35,0
https://stackoverflow.com/twpmzw,0
http://freestuff24.com/503jtu5a,1
https://youtube.com/9u56lh,0
https://facebook.com/f7tka0,0
https://stackoverflow.com/26q013,0
https://twitter.com/vzj5ro,0
http://phishsite88.com/7d63lv5k,1
https://google.com/v6c87x,0
https://microsoft.com/vumsb2,0
http://phishsite38.com/e955hx0b,1
https://facebook.com/tys5e8,0
http://fakebank17.com/qgtpy9vq,1
https://wikipedia.com/p2o75e,0
http://securelogin19.com/eyt8k71l,1
http://securelogin78.com/w7lx1s2f,1
https://google.com/xqb95u,0
http://malicious8.com/h23o3kf5,1
http://malicious28.com/trmxgi3q,1
http://fakebank73.com/snjsiwzt,1
http://malicious25.com/5i9iarhg,1
http://phishsite30.com/0o76w8yu,1
https://openai.com/zqim2t,0
https://twitter.com/8z24qp,0
http://freestuff20.com/534sc1xl,1
http://malicious64.com/obnbzlz4,1
http://phishsite54.com/k2x2qh3o,1
http://fakebank23.com/wktfg3d1,1
https://stackoverflow.com/k1tzli,0
http://securelogin69.com/9dydy00b,1
http://securelogin89.com/27e1hfcx,1
https://github.com/ssbpd5,0
https://amazon.com/8lid5x,0
https://wikipedia.com/0i9jcs,0
http://securelogin45.com/41rpm23s,1
http://phishsite20.com/o4jrnelb,1
http://freestuff16.com/zf0751iv,1
http://malicious57.com/n2y98a33,1
https://github.com/krns01,0
https://microsoft.com/fea39j,0
http://malicious64.com/x2wyfafo,1
https://youtube.com/4ybnah,0
https://twitter.com/oynuun,0
http://fakebank10.com/7c8oo0uo,1
http://fakebank54.com/ih5ttbt8,1
http://securelogin6.com/9k8ksrxx,1
https://openai.com/j54jgt,0
http://phishsite56.com/x54avh4z,1
https://github.com/olfht6,0
http://malicious81.com/kg3diq0k,1
https://openai.com/bt0b4f,0
https://google.com/fq38wr,0
https://amazon.com/970qii,0
http://securelogin97.com/zk8ej34m,1
https://openai.com/dry1oj,0
https://youtube.com/fhvb5t,0
http://phishsite60.com/gf4xfsu4,1
https://facebook.com/nwd7v5,0
http://securelogin1.com/ouglsirk,1
http://freestuff57.com/b6gceefr,1
https://stackoverflow.com/5d5vzr,0
http://phishsite99.com/hftndxv9,1
http://fakebank23.com/gsl9bamn,1
http://phishsite81.com/ws526ns3,1
https://openai.com/r38nnn,0
https://amazon.com/gqbdnw,0
https://github.com/hrmf0u,0
https://youtube.com/02i8hr,0
https://microsoft.com/3a25ju,0
https://youtube.com/s84z9s,0
http://freestuff15.com/86kgupml,1
https://twitter.com/6pvyt3,0
http://securelogin89.com/jk4md4qb,1
https://github.com/wxvq3o,0
http://phishsite42.com/xpykwxph,1
http://fakebank62.com/8pz6f2wr,1
http://securelogin44.com/4sip9nv4,1
https://twitter.com/4antre,0
http://malicious45.com/cwrwkjah,1
http://freestuff7.com/phmh0p23,1
https://youtube.com/0t834b,0
https://stackoverflow.com/aftrp3,0
https://amazon.com/e79vq3,0
http://phishsite63.com/nlakhk3v,1
https://facebook.com/nsgnu3,0
https://microsoft.com/bhkgl6,0
http://malicious62.com/inlgtdnj,1
http://malicious81.com/srrxtisn,1
https://openai.com/mwph6k,0
http://freestuff66.com/t7fjh7r3,1
https://twitter.com/ytjo45,0
https://openai.com/j6grzm,0
http://fakebank27.com/q3ydx2i1,1
http://fakebank53.com/n4x2fzpf,1
https://github.com/fd86zh,0
http://phishsite65.com/m0fm7cfu,1
https://stackoverflow.com/onvm8i,0
http://securelogin12.com/wb0b1vvh,1
http://phishsite52.com/iep4ntlt,1
http://fakebank62.com/lml4yw85,1
https://openai.com/mtushi,0
https://twitter.com/nouixe,0
http://phishsite47.com/1diilmq8,1
http://freestuff3.com/v6rd0qvn,1
https://amazon.com/2rfd3r,0
http://malicious33.com/h4hxika6,1
http://fakebank76.com/didq3it1,1
https://google.com/cwh0v0,0
http://freestuff99.com/pw6tgj00,1
http://fakebank56.com/xeqgilbe,1
http://malicious15.com/ao0zwxk3,1
https://wikipedia.com/nxoj2r,0
http://phishsite8.com/wxr5p5l4,1
https://stackoverflow.com/eg5ej0,0
https://google.com/cknvs8,0
http://malicious56.com/vvlzcgj4,1
https://github.com/vannvp,0
https://microsoft.com/oxe80e,0
https://github.com/6dfwna,0
http://fakebank54.com/uaur5cdm,1
https://wikipedia.com/hl7umd,0
http://malicious38.com/2zjf12tm,1
https://google.com/heb4m4,0
http://fakebank28.com/7rn9zqz6,1
https://wikipedia.com/v0fu3c,0
http://freestuff90.com/sqjw50oo,1
http://securelogin5.com/wz0p70m2,1
http://malicious4.com/ae914xmy,1
http://fakebank31.com/yhc8wp1o,1
https://stackoverflow.com/se7dp4,0
http://malicious3.com/p6yrvf77,1
http://phishsite9.com/mlfub4wz,1
http://fakebank45.com/ke86wr94,1
https://wikipedia.com/g8hay1,0
https://openai.com/si7th2,0
https://youtube.com/yb1a86,0
https://google.com/3oj730,0
https://openai.com/gx61lh,0
http://securelogin65.com/1hnb83c7,1
http://phishsite63.com/o0otfqm1,1
http://malicious81.com/nj2zs2f5,1
https://github.com/givz7u,0
http://freestuff76.com/i9db4ozk,1
http://securelogin78.com/0rajbe3z,1
https://stackoverflow.com/s8xdxt,0
https://stackoverflow.com/cqq45o,0
https://github.com/3rdpgz,0
https://google.com/fbpub1,0
https://amazon.com/qrc09y,0
http://freestuff2.com/v54hdo4i,1
https://github.com/al3isu,0
http://securelogin8.com/57tww8g8,1
https://microsoft.com/p3cwa9,0
http://malicious77.com/vtxzvujf,1
https://openai.com/rov8k9,0
http://malicious8.com/kor0sevw,1
http://securelogin17.com/p7syizn7,1
https://youtube.com/ehbl1z,0
https://github.com/mxfp1v,0
http://fakebank19.com/rct2vmq8,1
https://facebook.com/e2iad2,0
https://youtube.com/71lf7q,0
https://youtube.com/ltw00i,0
https://microsoft.com/z10qu6,0
https://github.com/4k9uyf,0
http://securelogin42.com/r995ouu4,1
https://wikipedia.com/1onaxt,0
http://fakebank65.com/5eq5ogkc,1
http://fakebank51.com/v4y37ubz,1
http://malicious23.com/qd5pkxms,1
http://phishsite36.com/zeq3nk8y,1
https://youtube.com/dlg355,0
https://stackoverflow.com/y6nh0v,0
https://twitter.com/7cejfs,0
https://stackoverflow.com/x8dg5z,0
https://google.com/m5l5ze,0
http://securelogin65.com/0fxq08tj,1
https://wikipedia.com/1s9x05,0
http://fakebank50.com/9kcemexl,1
http://phishsite94.com/4j0zs3vg,1
http://fakebank1.com/k3ixi12w,1
http://malicious32.com/h0wf0k7t,1
https://youtube.com/k72ok0,0
https://wikipedia.com/hc6pg0,0
https://wikipedia.com/nile8e,0
https://youtube.com/xaxndb,0
https://stackoverflow.com/doaexh,0
http://fakebank42.com/iezwz5gu,1
https://github.com/60fj48,0
https://twitter.com/x3m3w0,0
http://fakebank12.com/yyfiz0gw,1
https://facebook.com/usq5wp,0
https://youtube.com/vndh3z,0
http://malicious42.com/djwy7uca,1
https://google.com/p7fxh7,0
http://securelogin44.com/crokf4jm,1
https://openai.com/bhqqs4,0
https://microsoft.com/76ec6k,0
https://wikipedia.com/9fd7s7,0
http://securelogin14.com/jou8md5y,1
http://phishsite26.com/0nchz9ia,1
https://openai.com/ilz06l,0
https://stackoverflow.com/rai3c3,0
http://phishsite74.com/mhkeblkg,1
https://twitter.com/d4a1x5,0
https://stackoverflow.com/cs8tij,0
https://facebook.com/agikxl,0
http://phishsite62.com/liwavjhd,1
http://phishsite36.com/ebcdvpbl,1
http://freestuff3.com/9qdvanzj,1
http://freestuff10.com/r5ztvwhx,1
http://fakebank72.com/4uc64vh0,1
https://twitter.com/6dcnvn,0
https://wikipedia.com/ziktpg,0
http://phishsite31.com/zn64nnqk,1
https://wikipedia.com/zt8777,0
http://fakebank40.com/exs10nwf,1
https://microsoft.com/xmflht,0
https://github.com/02o0lf,0
http://securelogin31.com/qag6xdb0,1
https://microsoft.com/feln3s,0
http://freestuff80.com/l6wvmesq,1
http://freestuff92.com/5ctxu3cz,1
http://freestuff25.com/dq32fsh2,1
https://github.com/k14wnd,0
https://facebook.com/z92t0a,0
http://malicious91.com/nto3wi3m,1
https://github.com/2jhgze,0
https://microsoft.com/i71sy2,0
http://freestuff76.com/mboc6z9d,1
http://fakebank55.com/dvvvutpq,1
http://malicious83.com/spybytzm,1
https://wikipedia.com/y1weqz,0
http://securelogin9.com/ypikog4t,1
http://malicious68.com/55k4gkdg,1
http://fakebank64.com/6ij85d1u,1
https://openai.com/16rdcz,0
https://twitter.com/hslf8e,0
https://facebook.com/4t8id9,0
https://facebook.com/osf0t4,0
http://securelogin5.com/onc8naiv,1
http://malicious14.com/gejkf8sh,1
https://openai.com/mxgvu6,0
https://amazon.com/ghjuc5,0
https://amazon.com/5fm7p9,0
https://stackoverflow.com/r9tjvw,0
http://fakebank71.com/mrs1b405,1
https://github.com/jan092,0
https://stackoverflow.com/zca1lf,0
http://phishsite80.com/uqjb69n1,1
https://twitter.com/olawzn,0
https://github.com/k0bgpr,0
https://openai.com/gvz4fj,0
https://youtube.com/h3haiu,0
https://github.com/jq8c8h,0
https://youtube.com/sw5eq9,0
http://malicious86.com/p9c4ik0p,1
http://malicious83.com/rm0m44zl,1
http://fakebank86.com/mq4x585r,1
https://google.com/exgvbn,0
http://phishsite10.com/e2tqf7e9,1
http://malicious29.com/ru7qge0b,1
https://twitter.com/gq9khs,0
https://facebook.com/6e3w49,0
https://stackoverflow.com/ufva4s,0
http://freestuff49.com/ytrp4rip,1
http://fakebank45.com/le5itzj4,1
http://securelogin94.com/q263945s,1
https://youtube.com/iu7fbp,0
http://freestuff35.com/xpt64jja,1
http://securelogin10.com/0p5lhwj5,1
https://github.com/mpfm87,0
http://securelogin31.com/k23k4lgx,1
http://securelogin37.com/93w4f9jg,1
https://youtube.com/3zs8ws,0
http://phishsite50.com/io5771nj,1
http://freestuff88.com/eqyhe6ud,1
http://securelogin68.com/pvanz9mj,1
http://phishsite95.com/zdazzn84,1
http://malicious14.com/s0796whw,1
https://amazon.com/jb1hvr,0
http://securelogin75.com/i625ne6b,1
https://wikipedia.com/sv39nt,0
http://securelogin75.com/17xqktog,1
https://stackoverflow.com/by2gtt,0
http://fakebank34.com/x9vapmqi,1
https://wikipedia.com/4t8c5s,0
https://wikipedia.com/a54yhy,0
http://phishsite14.com/wjnudrzp,1
https://openai.com/mywjfo,0
http://fakebank67.com/0dwdf1f2,1
https://stackoverflow.com/wo3fye,0
https://youtube.com/udi0dm,0
https://wikipedia.com/e6lya9,0
http://malicious65.com/kp2q7gl4,1
https://youtube.com/sib986,0
http://fakebank7.com/e52j6lhi,1
http://fakebank13.com/nf3igbio,1
https://openai.com/krgeif,0
https://wikipedia.com/qfc8gl,0
https://github.com/4g90te,0
https://stackoverflow.com/8fp1xr,0
https://facebook.com/vgpldd,0
https://openai.com/54v9fi,0
https://github.com/hzgqqg,0
http://fakebank15.com/gttt102s,1
https://microsoft.com/2neuil,0
https://google.com/vyddjz,0
http://freestuff64.com/gxdky20d,1
https://stackoverflow.com/lffjli,0
http://fakebank34.com/evz25gny,1
http://freestuff43.com/ocjb29ls,1
https://microsoft.com/hi52y3,0
https://twitter.com/gsnbwo,0
https://openai.com/r9o32r,0
http://securelogin53.com/4h2svdtz,1
http://fakebank80.com/t6qpy2qi,1
http://phishsite95.com/bfuovdbx,1
https://twitter.com/txgfr2,0
http://fakebank23.com/c9nxn8qg,1
https://twitter.com/arav4y,0
https://stackoverflow.com/9txhtq,0
https://github.com/7e01pr,0
http://malicious61.com/l0g2f28q,1
http://fakebank19.com/86hoprk4,1
https://amazon.com/jxkjeq,0
https://twitter.com/d8k2kz,0
https://microsoft.com/tzza3p,0
https://github.com/hdhuqb,0
http://phishsite56.com/1volir3e,1
https://wikipedia.com/s6p9wb,0
http://freestuff42.com/65414t21,1
http://freestuff59.com/hri0ir35,1
http://phishsite88.com/zd9p9oyh,1
http://securelogin19.com/wbmonaos,1
http://securelogin89.com/dx7qweg3,1
http://phishsite26.com/n6y92hs3,1
https://amazon.com/9ozd5c,0
https://openai.com/h3lrft,0
http://freestuff46.com/x7c7izl1,1
http://freestuff7.com/l5jvacmf,1
http://phishsite69.com/6f29b6u1,1
http://freestuff5.com/cvkvz6gh,1
http://phishsite68.com/9cszst25,1
https://youtube.com/gt5efh,0
http://phishsite97.com/jzgxgj0f,1
http://malicious84.com/tqz4ecph,1
http://phishsite62.com/6ikaa4vk,1
http://fakebank7.com/aa2njf17,1
https://youtube.com/ujun7d,0
https://wikipedia.com/xdme9x,0
http://fakebank75.com/ish6t15y,1
https://google.com/zekq87,0
http://securelogin63.com/1ll14k9u,1
https://openai.com/765gop,0
http://malicious35.com/dzp5hwrd,1
http://freestuff96.com/b8ippq8o,1
http://freestuff79.com/jhe0rmcz,1
http://securelogin81.com/9voj2z5c,1
http://malicious1.com/3aemgkua,1
http://freestuff78.com/a7rgjrd4,1
http://fakebank34.com/pqpcnxsi,1
https://amazon.com/dka8gf,0
http://phishsite72.com/61tvsvzh,1
http://securelogin7.com/m7cxfzid,1
https://wikipedia.com/7wctyc,0
http://malicious90.com/pbqiykf4,1
https://google.com/lg1idp,0
http://malicious39.com/k5wlky7u,1
http://malicious5.com/4b51529o,1
https://openai.com/lqdq2s,0
http://fakebank98.com/8jvvj7v7,1
http://fakebank10.com/49lymqns,1
http://fakebank57.com/oxaj2dk0,1
https://openai.com/4mg3fz,0
https://wikipedia.com/4c8njr,0
https://stackoverflow.com/2uslt8,0
http://freestuff61.com/qazjkq3j,1
http://malicious93.com/2hizl6wj,1
https://facebook.com/9udyh3,0
http://securelogin3.com/qaxngdfv,1
http://phishsite67.com/lstwbxo4,1
http://malicious46.com/x3moyxs7,1
http://securelogin31.com/rvjif78u,1
https://google.com/hhoe49,0
https://stackoverflow.com/enuasa,0
https://wikipedia.com/bi9hyn,0
https://stackoverflow.com/jemzqs,0
http://phishsite39.com/bqpx27o8,1
http://fakebank75.com/59s2gcq3,1
http://fakebank79.com/u2e111v6,1
https://microsoft.com/sxesqo,0
https://facebook.com/baf562,0
https://wikipedia.com/hbjxba,0
http://securelogin16.com/dn0zg9b5,1
http://phishsite64.com/t8r77ccs,1
http://securelogin28.com/y40o6vwg,1
https://openai.com/7wmpou,0
http://fakebank67.com/mrpfi61c,1
http://malicious20.com/daci6r1w,1
https://youtube.com/q95rkm,0
https://stackoverflow.com/naxg9h,0
http://fakebank59.com/h4msb20j,1
http://freestuff46.com/rct341l0,1
https://github.com/zveoam,0
https://youtube.com/dvyvnh,0
https://openai.com/3zscgx,0
http://phishsite100.com/c4x6nbq5,1
https://google.com/6ohrah,0
https://microsoft.com/css908,0
https://facebook.com/04nv0b,0
https://youtube.com/lgf2et,0
http://phishsite22.com/j6qsnq4b,1
https://facebook.com/1olfqp,0
http://phishsite94.com/he7xd79i,1
https://stackoverflow.com/9q5k33,0
https://stackoverflow.com/ll00gr,0
http://malicious80.com/ei5km27n,1
https://github.com/kg7glw,0
https://twitter.com/m3v6uo,0
https://openai.com/y3lk0i,0
http://malicious26.com/rhybrhkx,1
http://malicious51.com/1gdtsw91,1
http://malicious89.com/dy9ar7zv,1
http://phishsite50.com/5oqidyxt,1
https://github.com/yv7nd5,0
http://malicious29.com/3946o2an,1
https://github.com/v5z7an,0
https://facebook.com/kadhfs,0
https://amazon.com/r873xz,0
https://amazon.com/sw2w1p,0
https://microsoft.com/cit4py,0
http://securelogin63.com/iwbldsw7,1
http://malicious75.com/vampuhmj,1
https://openai.com/ekyv7f,0
http://freestuff61.com/3ukmbk80,1
https://twitter.com/anau1x,0
https://github.com/yvm56q,0
https://stackoverflow.com/zah8ws,0
http://securelogin66.com/eb73xq8c,1
http://malicious17.com/tctdwl4j,1
http://fakebank55.com/8il58x1t,1
http://malicious59.com/dpgjx3y6,1
http://phishsite57.com/bllkauuo,1
http://fakebank67.com/ksv1hfld,1
http://securelogin24.com/jylzvfeo,1
https://openai.com/r5p4nt,0
https://github.com/bcv6nm,0
https://microsoft.com/uuyota,0
http://malicious5.com/87b5eypb,1
http://freestuff45.com/k4s2zsub,1
http://fakebank44.com/cjep7afh,1
http://phishsite13.com/747qu1ve,1
http://phishsite63.com/zwr1x0iw,1
http://malicious7.com/guzhlts7,1
http://phishsite71.com/ym8kk0cy,1
https://amazon.com/llr5h8,0
http://securelogin65.com/kz2mrenr,1
http://freestuff99.com/xzar8w98,1
